{
  "reference": {
    "X264_AllMeasurements": {
      "ings": {
        "mean": 99.38866019175396,
        "sd": 1.6804579717479953
      },
      "smas": {
        "mean": 98.73685018113291,
        "sd": 2.638890657250791
      },
      "tpe": {
        "mean": 97.92426222197713,
        "sd": 2.923014039603171
      },
      "greedy": {
        "mean": 87.94189361227724,
        "sd": 20.02193775225995
      },
      "random": {
        "mean": 97.16740230689744,
        "sd": 2.870281223773759
      }
    },
    "SS-A": {
      "ings": {
        "mean": 79.23936482076365,
        "sd": 15.961267659231362
      },
      "smas": {
        "mean": 81.6917444774248,
        "sd": 14.592703759243665
      },
      "tpe": {
        "mean": 45.038588393080545,
        "sd": 47.0681175976353
      },
      "greedy": {
        "mean": 73.16635209403539,
        "sd": 19.48044395965686
      },
      "random": {
        "mean": 77.37304477645404,
        "sd": 11.963089794645295
      }
    },
    "SS-W": {
      "ings": {
        "mean": 60.16566002546068,
        "sd": 14.247631766482693
      },
      "smas": {
        "mean": 57.88203104459077,
        "sd": 11.17575003192416
      },
      "tpe": {
        "mean": 54.613639572519034,
        "sd": 11.660333092870589
      },
      "greedy": {
        "mean": 63.34631570536668,
        "sd": 11.833384913679897
      },
      "random": {
        "mean": 48.73036383233804,
        "sd": 10.714009296874371
      }
    },
    "SQL_AllMeasurements": {
      "ings": {
        "mean": 62.627159189324864,
        "sd": 8.173462475919436
      },
      "smas": {
        "mean": 63.42654866107105,
        "sd": 9.555835578695364
      },
      "tpe": {
        "mean": 71.00638052668405,
        "sd": 12.966330054871927
      },
      "greedy": {
        "mean": 67.490225899615,
        "sd": 9.122148674837673
      },
      "random": {
        "mean": 67.70181167911413,
        "sd": 9.009623691396788
      }
    }
  },
  "kappa_bounds": {
    "ings(\u03ba=0.15)": {
      "X264_AllMeasurements": 95.19181389460964,
      "SS-A": 75.95524934081655,
      "SS-W": 59.895331814594456,
      "SQL_AllMeasurements": 68.24350703862518
    },
    "smas(0, 0.15)": {
      "X264_AllMeasurements": 99.4389794220529,
      "SS-A": 83.03323831486257,
      "SS-W": 55.8879553614556,
      "SQL_AllMeasurements": 60.80106076106773
    },
    "smas(0, 1.0)": {
      "X264_AllMeasurements": 99.52176592015766,
      "SS-A": 78.04462567576564,
      "SS-W": 54.46022399913134,
      "SQL_AllMeasurements": 61.3579575422018
    },
    "smas(0, 2.0)": {
      "X264_AllMeasurements": 99.17949541713317,
      "SS-A": 64.08133376337075,
      "SS-W": 54.315189315656326,
      "SQL_AllMeasurements": 60.16196861883204
    },
    "smas(0.05, 1.0)": {
      "X264_AllMeasurements": 99.52651301735565,
      "SS-A": 74.91582831509626,
      "SS-W": 56.39647680429103,
      "SQL_AllMeasurements": 63.79169999158012
    },
    "smas(0.1, 0.5)": {
      "X264_AllMeasurements": 99.57086720834721,
      "SS-A": 74.84174448039674,
      "SS-W": 60.86652615290939,
      "SQL_AllMeasurements": 58.13216452042836
    }
  },
  "surrogates": {
    "rbf_linear (INGS)": {
      "X264_AllMeasurements": 99.05702989951976,
      "SS-A": 84.24888158127351,
      "SS-W": 57.985540557754916,
      "SQL_AllMeasurements": 71.69063983586908
    },
    "linear": {
      "X264_AllMeasurements": 99.97178114443402,
      "SS-A": 77.10526942202269,
      "SS-W": 59.0229202032542,
      "SQL_AllMeasurements": 64.43742253265268
    },
    "knn3": {
      "X264_AllMeasurements": 97.64606314598282,
      "SS-A": 66.40934882667122,
      "SS-W": 50.679054751648536,
      "SQL_AllMeasurements": 65.18753278618968
    },
    "knn5": {
      "X264_AllMeasurements": 97.78989060098728,
      "SS-A": 70.73137756958576,
      "SS-W": 50.40483790222958,
      "SQL_AllMeasurements": 68.00660408914048
    },
    "rf20": {
      "X264_AllMeasurements": 99.84794903823331,
      "SS-A": 84.29576239229327,
      "SS-W": 53.24741986471531,
      "SQL_AllMeasurements": 63.90442392032351
    },
    "gp_matern": {
      "X264_AllMeasurements": 98.461652804983,
      "SS-A": 69.62282630671544,
      "SS-W": 47.0208561729322,
      "SQL_AllMeasurements": 63.54934654722907
    }
  },
  "n_repeats": 20,
  "datasets": [
    "X264_AllMeasurements",
    "SS-A",
    "SS-W",
    "SQL_AllMeasurements"
  ],
  "budget": 30
}